/*-------------------Tabelas-------------------*/
CREATE TABLE IF NOT EXISTS `ala` (`id` INTEGER PRIMARY KEY AUTOINCREMENT, `localizacao` VARCHAR(255) NOT NULL, `nome` VARCHAR(255) NOT NULL, `createdAt` DATETIME NOT NULL, `updatedAt` DATETIME NOT NULL);
CREATE TABLE IF NOT EXISTS `horarioAla` (`alaId` INTEGER NOT NULL REFERENCES `ala` (`id`) ON DELETE CASCADE ON UPDATE CASCADE, `horarioInicio` TIME NOT NULL,  `horarioFinal` TIME NOT NULL, `createdAt` DATETIME NOT NULL, `updatedAt` DATETIME NOT NULL, PRIMARY KEY (`alaId`, `horarioInicio`,`horarioFinal`));

CREATE TABLE IF NOT EXISTS `bilheteria` (`id` INTEGER PRIMARY KEY AUTOINCREMENT, `Localizacao` VARCHAR(255) NOT NULL, `createdAt` DATETIME NOT NULL, `updatedAt` DATETIME NOT NULL);
CREATE TABLE IF NOT EXISTS `horarioBilheteria` (`bilheteriaId` INTEGER PRIMARY KEY REFERENCES `bilheteria` (`id`) ON DELETE CASCADE ON UPDATE CASCADE, `horarioInicio` TIME NOT NULL, `horarioFinal` TIME NOT NULL, `createdAt` DATETIME NOT NULL, `updatedAt` DATETIME NOT NULL);

CREATE TABLE IF NOT EXISTS `ingresso` (`id` INTEGER PRIMARY KEY AUTOINCREMENT, `bilheteriaId` INTEGER NOT NULL REFERENCES `bilheteria` (`id`) ON DELETE CASCADE ON UPDATE CASCADE, `preco` FLOAT NOT NULL, `createdAt` DATETIME NOT NULL, `updatedAt` DATETIME NOT NULL);

CREATE TABLE IF NOT EXISTS `especie` (`id` INTEGER PRIMARY KEY AUTOINCREMENT, `nomeCientifico` VARCHAR(255) NOT NULL, `nomePopular` VARCHAR(255) NOT NULL, `estado` VARCHAR(255) NOT NULL, `alimentacao` VARCHAR(255) NOT NULL, `descricao` VARCHAR(255) NOT NULL, `createdAt` DATETIME NOT NULL, `updatedAt` DATETIME NOT NULL, `alaId` INTEGER NOT NULL REFERENCES `ala` (`id`) ON DELETE CASCADE ON UPDATE CASCADE);
CREATE TABLE IF NOT EXISTS `animal` (`id` INTEGER PRIMARY KEY AUTOINCREMENT, `nome` VARCHAR(255) NOT NULL, `sexo` CHAR(255) NOT NULL, `dataNascimento` DATETIME NOT NULL, `ativo` TINYINT(1) NOT NULL, `createdAt` DATETIME NOT NULL, `updatedAt` DATETIME NOT NULL, `especieId` INTEGER NOT NULL REFERENCES `especie` (`id`) ON DELETE CASCADE ON UPDATE CASCADE);

CREATE TABLE IF NOT EXISTS `servicosGerais` (`CPF` VARCHAR(255) NOT NULL PRIMARY KEY, `Nome` VARCHAR(255) NOT NULL, `ddn` DATE NOT NULL, `Salario` FLOAT NOT NULL, `CLT` VARCHAR(255) NOT NULL UNIQUE, `Endereco` VARCHAR(255) NOT NULL , `Banco` VARCHAR(255) NOT NULL, `Agencia` INTEGER NOT NULL, `Conta` INTEGER NOT NULL, `Digito` CHAR(255) NOT NULL, `funcao` VARCHAR(255) NOT NULL, `ativo` TINYINT(1) NOT NULL, `createdAt` DATETIME NOT NULL, `updatedAt` DATETIME NOT NULL);
CREATE TABLE IF NOT EXISTS `veterinario` (`CPF` VARCHAR(255) NOT NULL PRIMARY KEY, `Nome` VARCHAR(255) NOT NULL, `ddn` DATE NOT NULL, `Salario` FLOAT NOT NULL, `CLT` VARCHAR(255) NOT NULL UNIQUE, `Endereco` VARCHAR(255) NOT NULL, `Banco` VARCHAR(255) NOT NULL, `Agencia` INTEGER NOT NULL, `Conta` INTEGER NOT NULL, `Digito` CHAR(255) NOT NULL, `CRMV` INTEGER NOT NULL UNIQUE, `Faculdade` VARCHAR(255) NOT NULL, `Ativo` TINYINT(1) NOT NULL, `createdAt` DATETIME NOT NULL, `updatedAt` DATETIME NOT NULL);
CREATE TABLE IF NOT EXISTS `bilheteiro` (`CPF` VARCHAR(255) NOT NULL PRIMARY KEY, `Nome` VARCHAR(255) NOT NULL, `ddn` DATE NOT NULL, `Salario` FLOAT NOT NULL, `CLT` VARCHAR(255) NOT NULL UNIQUE, `Endereco` VARCHAR(255) NOT NULL, `Banco` VARCHAR(255) NOT NULL, `Agencia` INTEGER NOT NULL, `Conta` INTEGER NOT NULL, `Digito` CHAR(255) NOT NULL, `bilheteriaId` INTEGER NOT NULL REFERENCES `bilheteria` (`id`) ON DELETE CASCADE ON UPDATE CASCADE, `Ativo` TINYINT(1) NOT NULL, `createdAt` DATETIME NOT NULL, `updatedAt` DATETIME NOT NULL);

CREATE TABLE IF NOT EXISTS `cuida` (`bilheteiroCPF` VARCHAR(255) NOT NULL REFERENCES `bilheteiro` (`CPF`) ON DELETE CASCADE ON UPDATE CASCADE, `bilheteriaId` INTEGER NOT NULL REFERENCES `bilheteria` (`id`) ON DELETE CASCADE ON UPDATE CASCADE, `createdAt` DATETIME NOT NULL, `updatedAt` DATETIME NOT NULL, PRIMARY KEY (`bilheteiroCPF`, `bilheteriaId`));
CREATE TABLE IF NOT EXISTS `atende` (`veterinarioCPF` VARCHAR(255) NOT NULL REFERENCES `veterinario` (`CPF`) ON DELETE CASCADE ON UPDATE CASCADE, `animalId` INTEGER NOT NULL REFERENCES `animal` (`id`) ON DELETE CASCADE ON UPDATE CASCADE, `data` DATE NOT NULL, `diagnostico` VARCHAR(255) NOT NULL, `createdAt` DATETIME NOT NULL, `updatedAt` DATETIME NOT NULL, PRIMARY KEY (`veterinarioCPF`, `animalId`));
CREATE TABLE IF NOT EXISTS `supervisiona` (`veterinarioCPF` VARCHAR(255) NOT NULL REFERENCES `veterinario` (`CPF`) ON DELETE CASCADE ON UPDATE CASCADE, `especieId` INTEGER NOT NULL, `createdAt` DATETIME NOT NULL, `updatedAt` DATETIME NOT NULL, `animalId` INTEGER REFERENCES `especie` (`id`) ON DELETE CASCADE ON UPDATE CASCADE, PRIMARY KEY (`veterinarioCPF`, `especieId`));
CREATE TABLE IF NOT EXISTS `trabalha` (`alaId` INTEGER NOT NULL REFERENCES `ala` (`id`) ON DELETE CASCADE ON UPDATE CASCADE, `servicosGeraisCPF` VARCHAR(255) NOT NULL REFERENCES `servicosGerais` (`CPF`) ON DELETE CASCADE ON UPDATE CASCADE, `horarioInicio` TIME NOT NULL, `horariofim` TIME NOT NULL, `createdAt` DATETIME NOT NULL, `updatedAt` DATETIME NOT NULL, PRIMARY KEY (`alaId`, `servicosGeraisCPF`, `horarioInicio`, `horariofim`));

/*-------------------Views-------------------*/
CREATE VIEW IF NOT EXISTS `servicosGerais_v` as SELECT servicosGerais.*, ala.* FROM servicosGerais, ala, trabalha WHERE servicosGerais.CPF = trabalha.servicosGeraisCPF AND ala.id = trabalha.alaId AND servicosGerais.ativo = true;
CREATE VIEW IF NOT EXISTS `veterinario_v` as select veterinario.*, especie.* FROM veterinario, especie, supervisiona where supervisiona.veterinarioCPF = veterinario.CPF AND especie.id = supervisiona.especieId AND veterinario.ativo = true;
CREATE VIEW IF NOT EXISTS `animal_v` as SELECT animal.*, especie.* FROM animal, especie WHERE animal.especieId = especie.id AND animal.ativo = true;
CREATE VIEW IF NOT EXISTS 'bilheteiro_v' as select bilheteiro.*, bilheteria.* FROM bilheteiro, bilheteria, cuida WHERE bilheteiro.CPF = cuida.bilheteiroCPF AND cuida.bilheteriaId = bilheteria.Id AND bilheteiro.ativo=true;
CREATE VIEW IF NOT EXISTS `alas_especies_v` as SELECT ala.id as alaId, especie.id as especieId, ala.nome as alaNome, especie.nomePopular, especie.nomeCientifico from ala, especie where ala.id = especie.alaId;
CREATE VIEW IF NOT EXISTS `bilheteria_v` as SELECT bilheteria.id as id, bilheteria.localizacao as localizacao , SUM(ingresso.preco) as soma, count(ingresso.bilheteriaId) as contagem from ingresso, bilheteria where bilheteria.id = ingresso.bilheteriaId GROUP BY bilheteriaId;
CREATE VIEW IF NOT EXISTS `bilheteria_v_completa` as select bilheteria.*, bilheteria_v.* from bilheteria LEFT JOIN bilheteria_v on bilheteria.id = bilheteria_v.id;

/*-------------------Gatilhos-------------------*/

/*Exclusão Lógica*/
CREATE TRIGGER IF NOT EXISTS delete_servicosGerais
INSTEAD OF delete ON servicosGerais_v
FOR EACH ROW
BEGIN
UPDATE servicosGerais SET ativo = false WHERE CPF = OLD.CPF;
END;

CREATE TRIGGER IF NOT EXISTS delete_veterinario
INSTEAD OF delete ON veterinario_v
FOR EACH ROW
BEGIN
UPDATE veterinario SET ativo = false WHERE CPF = OLD.CPF;
END;

CREATE TRIGGER IF NOT EXISTS delete_bilheteiro
INSTEAD OF delete ON bilheteiro_v
FOR EACH ROW
BEGIN
UPDATE bilheteiro SET ativo = false WHERE CPF = OLD.CPF;
END;

CREATE TRIGGER IF NOT EXISTS delete_animal
INSTEAD OF delete ON animal_v
FOR EACH ROW
BEGIN
UPDATE animal SET ativo = false WHERE id = OLD.id;
END;

/*Inserção*/
CREATE TRIGGER IF NOT EXISTS create_servicosGerais
AFTER INSERT ON servicosGerais
FOR EACH ROW
BEGIN
UPDATE servicosGerais SET ativo = true WHERE CPF = NEW.CPF;
END;

CREATE TRIGGER IF NOT EXISTS create_veterinario
AFTER INSERT ON veterinario
FOR EACH ROW
BEGIN
UPDATE veterinario SET ativo = true WHERE CPF = NEW.CPF;
END;

CREATE TRIGGER IF NOT EXISTS create_bilheteiro
AFTER INSERT ON bilheteiro
FOR EACH ROW
BEGIN
UPDATE bilheteiro SET ativo = TRUE WHERE CPF = NEW.CPF;
END;

CREATE TRIGGER IF NOT EXISTS create_animal
AFTER INSERT ON animal
FOR EACH ROW
BEGIN
UPDATE animal SET ativo = true WHERE id = NEW.id;
END;

/*Ingresso - Inserir data automaticamente*/
CREATE TRIGGER IF NOT EXISTS create_ingresso
AFTER INSERT ON ingresso
FOR EACH ROW
BEGIN
update ingresso set createdAt = DATETIME('NOW') where id = NEW.id;
END;


/* INSERÇÕES */
/* ALA */
INSERT INTO "main"."ala" ("id", "localizacao", "nome", "createdAt", "updatedAt") VALUES ('22', 'Pátio 12', 'Lar dos mamíferos', '2020-06-26 22:33:42.442 +00:00', '2020-06-26 22:33:42.442 +00:00');
INSERT INTO "main"."ala" ("id", "localizacao", "nome", "createdAt", "updatedAt") VALUES ('23', 'Pátio 12', 'Aquario', '2020-06-26 22:34:35.843 +00:00', '2020-06-26 22:35:16.140 +00:00');
INSERT INTO "main"."ala" ("id", "localizacao", "nome", "createdAt", "updatedAt") VALUES ('28', 'Pátio 1', 'Serpentes', '2020-06-27 17:42:14.388 +00:00', '2020-06-27 17:42:14.388 +00:00');
INSERT INTO "main"."ala" ("id", "localizacao", "nome", "createdAt", "updatedAt") VALUES ('29', 'Pátio 1', 'Anfíbios', '2020-06-27 17:42:39.154 +00:00', '2020-06-27 17:42:39.154 +00:00');
INSERT INTO "main"."ala" ("id", "localizacao", "nome", "createdAt", "updatedAt") VALUES ('30', 'Pátio 12', 'Aves', '2020-06-27 17:42:54.062 +00:00', '2020-06-27 17:42:54.062 +00:00');
INSERT INTO "main"."ala" ("id", "localizacao", "nome", "createdAt", "updatedAt") VALUES ('31', 'Pátio 3', 'Primatas', '2020-06-27 17:43:06.252 +00:00', '2020-06-27 17:43:06.252 +00:00');
INSERT INTO "main"."ala" ("id", "localizacao", "nome", "createdAt", "updatedAt") VALUES ('32', 'Pátio 5', 'Felinos', '2020-06-27 17:43:26.018 +00:00', '2020-06-27 17:43:26.018 +00:00');
INSERT INTO "main"."ala" ("id", "localizacao", "nome", "createdAt", "updatedAt") VALUES ('33', 'Pátio 7', 'Marsupiais', '2020-06-27 17:43:39.194 +00:00', '2020-06-27 17:43:39.194 +00:00');

/* HORARIOS ALA */
INSERT INTO "main"."horarioAla" ("alaId", "horarioInicio", "horarioFinal", "createdAt", "updatedAt") VALUES ('22', '08:30', '10:30', '2020-06-26 22:33:42.745 +00:00', '2020-06-26 22:33:42.745 +00:00');
INSERT INTO "main"."horarioAla" ("alaId", "horarioInicio", "horarioFinal", "createdAt", "updatedAt") VALUES ('23', '14:00', '15:30', '2020-06-26 22:34:36.154 +00:00', '2020-06-26 22:34:36.154 +00:00');
INSERT INTO "main"."horarioAla" ("alaId", "horarioInicio", "horarioFinal", "createdAt", "updatedAt") VALUES ('28', '08:00', '10:30', '2020-06-27 17:42:18.300 +00:00', '2020-06-27 17:42:18.300 +00:00');
INSERT INTO "main"."horarioAla" ("alaId", "horarioInicio", "horarioFinal", "createdAt", "updatedAt") VALUES ('29', '08:00', '10:30', '2020-06-27 17:42:39.462 +00:00', '2020-06-27 17:42:39.462 +00:00');
INSERT INTO "main"."horarioAla" ("alaId", "horarioInicio", "horarioFinal", "createdAt", "updatedAt") VALUES ('30', '08:00', '10:30', '2020-06-27 17:42:54.346 +00:00', '2020-06-27 17:42:54.346 +00:00');
INSERT INTO "main"."horarioAla" ("alaId", "horarioInicio", "horarioFinal", "createdAt", "updatedAt") VALUES ('31', '08:00', '10:30', '2020-06-27 17:43:06.553 +00:00', '2020-06-27 17:43:06.553 +00:00');
INSERT INTO "main"."horarioAla" ("alaId", "horarioInicio", "horarioFinal", "createdAt", "updatedAt") VALUES ('32', '08:00', '10:30', '2020-06-27 17:43:26.300 +00:00', '2020-06-27 17:43:26.300 +00:00');
INSERT INTO "main"."horarioAla" ("alaId", "horarioInicio", "horarioFinal", "createdAt", "updatedAt") VALUES ('33', '08:00', '10:30', '2020-06-27 17:43:39.822 +00:00', '2020-06-27 17:43:39.822 +00:00');

/*ESPECIES*/
INSERT INTO "main"."especie" ("id", "nomeCientifico", "nomePopular", "estado", "alimentacao", "descricao", "createdAt", "updatedAt", "alaId") VALUES ('3', 'Sapajus', 'Macaco-prego', 'LC', 'Esses animais se alimentam desde itens de origem vegetal, até pequenos vertebrados. São os mais "faunívoros" dos Platyrrhini e já foi registrado a predação de um filhote de guigó (Callicebus), o que sugere que eles podem predar outros primatas.', 'Sapajus é um gênero de primatas da América do Sul que inclui as espécies de macaco-prego, também chamados micos-de-topete. Os macacos do Novo Mundo do gênero Sapajus pertencem à família Cebidae, subfamíia Cebinae, e são uns dos mais comuns primatas da América do Sul.', '2020-06-27 02:11:54.064 +00:00', '2020-06-27 02:11:54.064 +00:00', '31');
INSERT INTO "main"."especie" ("id", "nomeCientifico", "nomePopular", "estado", "alimentacao", "descricao", "createdAt", "updatedAt", "alaId") VALUES ('5', 'Pan', 'Chimpanzé', 'EN', 'A dieta varia com as estações do ano. Mais de 250 tipos de frutas que fazem parte da alimentação dos chimpanzés. Os mamíferos que fazem parte da dieta dos chimpanzés são outros primatas (12 espécies), gulungos – um antílope africano, potamoquero – porco selvagem de África, cabritos, roedores e procávias. Os chimpanzés usam algumas plantas para o que tem vindo a ser descrito como fins medicinais. Os investigadores conseguiram isolar um agente antitumoral de uma destas plantas.', 'Os chimpanzés fazem parte da família Hominidae, possuindo uma semelhança genética de mais de 99% com os humanos. Medem entre 75 cm e 95 cm, e seu peso varia entre 30 e 55 kg. A coloração negra de seus pelos modifica-se para uma cor acinzentada conforme a idade avança.', '2020-06-27 17:45:07.200 +00:00', '2020-06-27 17:45:07.200 +00:00', '31');
INSERT INTO "main"."especie" ("id", "nomeCientifico", "nomePopular", "estado", "alimentacao", "descricao", "createdAt", "updatedAt", "alaId") VALUES ('6', 'Gorilla gorilla', 'Gorila', 'CR', 'Onívoro', 'O Gorila Do Ocidente é um subidor mais ágil de árvores e mais arborícola do que o Gorila do Leste. É também mais frugívoro e se alimenta de frutos de cerca de 100 espécies sazonais de árvores. O Gorila do Ocidente é mais difícil de rastrear e de ser localizado.', '2020-06-27 17:47:26.725 +00:00', '2020-06-27 17:47:26.725 +00:00', '31');
INSERT INTO "main"."especie" ("id", "nomeCientifico", "nomePopular", "estado", "alimentacao", "descricao", "createdAt", "updatedAt", "alaId") VALUES ('7', 'Giraffa peralta', 'Girafa', 'CR', 'Elas não comem pois são hologramas', 'Hologramas', '2020-06-27 17:48:45.928 +00:00', '2020-06-27 17:48:45.928 +00:00', '22');
INSERT INTO "main"."especie" ("id", "nomeCientifico", "nomePopular", "estado", "alimentacao", "descricao", "createdAt", "updatedAt", "alaId") VALUES ('8', 'Ornithorhynchus anatinus', 'Ornitorrinco', 'LC', 'O ornitorrinco tem hábitos alimentares carnívoros, alimentando-se de anelídeos, larvas de insetos aquáticos, camarões de água doce, girinos, caramujos, lagostins de água doce e pequenos peixes, que escava com seu focinho, dos leitos dos rios e lagos ou apanha enquanto nada. As presas são guardadas nas bochechas à medida que são apanhadas. Quando um número suficiente é reunido, ou quando é necessário respirar, ele retorna à superfície para comê-las.[43] A mastigação é feita pelas placas córneas que substituem os dentes. A areia contida junto com o alimento serve de material abrasivo, ajudando no ato de mastigar', 'O ornitorrinco tem corpo hidrodinâmico e comprimido dorsoventralmente. Os membros são curtos e robustos, e os pés possuem membrana interdigital. Cada pé tem cinco dígitos com garras. A cauda é semelhante à de um castor. O focinho, que lembra um bico de pato, é alongado e coberto por uma pele glabra, macia, úmida e encouraçada, inteiramente perfurado por poros com terminações nervosas sensitivas. As narinas também se abrem no focinho, na metade dorsal superior, e estão posicionadas lado a lado. Os olhos e as orelhas estão localizados em um sulco logo após o focinho, esse sulco é fechado por uma pele quando o animal está sob a água.[10] Não tem orelhas externas.[23] A ideia de que o ornitorrinco tinha um bico córneo como o das aves surgiu do exame de espécimes ressecados', '2020-06-27 17:50:09.619 +00:00', '2020-06-27 17:50:09.619 +00:00', '22');
INSERT INTO "main"."especie" ("id", "nomeCientifico", "nomePopular", "estado", "alimentacao", "descricao", "createdAt", "updatedAt", "alaId") VALUES ('9', 'Chrysocyon brachyurus', 'Lobo guará', 'NT', 'Muitos dos estudos sobre a dieta do lobo-guará foram conduzidos em cativeiro e poucos pesquisaram os animais na natureza.[29] Esses estudos foram feitos principalmente em áreas de cerrado do sudeste e centro do Brasil e em algumas localidades da Argentina e Bolívia.', 'É o maior canídeo da América do Sul, atingindo entre 95 e 115 cm de comprimento, com uma cauda medindo entre 38 e 50 cm de comprimento e atingindo até 90 cm na altura da cernelha.[15] Pesa entre 20,5 e 30 kg, não havendo diferenças significativas no peso de machos e fêmeas.[15] É um animal difícil de confundir com os outros canídeos sul-americanos, por causa de suas longas e finas pernas, densa pelagem avermelhada e grandes orelhas.[15] A forma esguia da espécie provavelmente é uma adaptação ao deslocamento em áreas abertas cobertas por gramíneas.', '2020-06-27 17:51:27.103 +00:00', '2020-06-27 17:51:27.103 +00:00', '22');
INSERT INTO "main"."especie" ("id", "nomeCientifico", "nomePopular", "estado", "alimentacao", "descricao", "createdAt", "updatedAt", "alaId") VALUES ('10', 'Megadyptes antipodes', 'Pinguim-de-olho-amarelo', 'EN', 'Cerca de 90% da dieta do pinguim-de-olho-amarelo adulto é composta de peixes; o restante é complementado com cefalópodes, como a lula Nototodarus sloanii. As espécies de peixes consumidas incluem Parapercis colias, Pseudophycis bachus, Hemerocoetes monopterygius e Sprattus antipodum, todas entre 2 e 32 cm de comprimento. Cefalópodes compõem quase metade (49%) da dieta das aves imaturas.', 'Esta é uma espécie de pinguim bastante grande, com média de 75 cm de comprimento e pesando cerca de 6,3 kg. O peso varia ao longo do ano, sendo maior (7 a 8 kg) pouco antes de muda e menor (5 a 6 kg) após a muda. Apresenta cabeça amarelo-pálida listrada de negro, com uma faixa amarela em torno da cabeça, partindo dos olhos. A íris é amarelada. A plumagem nos lados do pescoço é castanho-escura. Como a maioria dos pinguins, possuem parte ventral branca e dorso negro. Os pés são rosados. Os juvenis têm uma cabeça mais cinzenta, sem faixas e seus olhos possuem uma íris cinza, levando cerca de quinze meses para exibirem a plumagem.', '2020-06-27 17:52:52.354 +00:00', '2020-06-27 17:52:52.354 +00:00', '23');
INSERT INTO "main"."especie" ("id", "nomeCientifico", "nomePopular", "estado", "alimentacao", "descricao", "createdAt", "updatedAt", "alaId") VALUES ('11', 'Dipturus batis', 'Raia', 'CR', 'Humanos', 'Linda', '2020-06-27 17:54:40.990 +00:00', '2020-06-27 17:54:40.990 +00:00', '23');
INSERT INTO "main"."especie" ("id", "nomeCientifico", "nomePopular", "estado", "alimentacao", "descricao", "createdAt", "updatedAt", "alaId") VALUES ('12', 'Megaptera novaeangliae', 'Baleia Jubarte', 'LC', 'A espécie alimenta-se exclusivamente durante o verão e vive de suas reservas de gordura durante o inverno. É um predador ativo que caça krill, copépodes e peixes em cardumes, como o arenque (Clupea harengus), o salmão, o carapau (Scomber scombrus), o escamudo (Pollachius virens), a arinca (Melanogrammus aeglefinus).', 'As jubarte são reconhecidas facilmente devido a várias características peculiares. A mais marcante é sua longa nadadeira peitoral, que apresenta manchas pretas e brancas e pode alcançar até um terço do comprimento do corpo, sendo maior do que qualquer outra espécie de cetáceo.[7] Possuem a parte superior totalmente negra, parte inferior branca ou um pouco mais escura. A cabeça e mandíbula inferior estão recobertas de pequenas protuberâncias características da espécie, chamadas de tubérculos, que na realidade são folículos pilosos. Ainda não se conhece qual a função destes pelos, mas se supõe que seja sensorial. No topo de sua cabeça, está o orifício respiratório, que exerce as mesmas funções das narinas, e permanece fechado durante todo o tempo em que o animal está submerso. Quando ele se aproxima da superfície este duplo orifício se abre e o ar quente é expelido com força pelos pulmões, condensando em contato com a atmosfera fria e formando uma nuvem de até três metros de gotículas de água.[', '2020-06-27 17:55:53.783 +00:00', '2020-06-27 17:55:53.783 +00:00', '23');
INSERT INTO "main"."especie" ("id", "nomeCientifico", "nomePopular", "estado", "alimentacao", "descricao", "createdAt", "updatedAt", "alaId") VALUES ('13', 'Dendroaspis polylepis', 'Mamba-negra', 'LC', 'Carne', 'uma das cobras mais venenosas do continente africano. Ao contrário do que diz o teste em cobaias, LD50 que não reproduz o efeito do veneno em seres humanos e sim em ratos, mas o organismo do rato é diferente do ser humano e por isso reage diferentemente ao seu poder. Seu tamanho varia de 2,5 m a 4,5 m. É a cobra mais rápida do mundo, capaz de se deslocar a 20 km/h. Porém, usa essa velocidade para escapar do perigo e para atacar as suas presas.[', '2020-06-27 17:56:56.998 +00:00', '2020-06-27 17:56:56.998 +00:00', '28');
INSERT INTO "main"."especie" ("id", "nomeCientifico", "nomePopular", "estado", "alimentacao", "descricao", "createdAt", "updatedAt", "alaId") VALUES ('14', 'Hemachatus haemachatus', 'Naja cuspideira', 'LC', 'Pequenos roedores', 'São predadores fantásticos e engenhosos mas são vulneráveis a ataques. A forma de lançar o veneno é a seguinte: os dutos que conduzem os venenos são fechados e existe um buraco na parte da frente diante de cada dente, quando a naja comprime esses sacos de veneno os dentes atuam como pistolas de água, esguichando veneno a uma distância de quase 4 metros, em geral nos olhos do inimigo, uma arma que pode ser usada tanto para defesa como no ataque.', '2020-06-27 17:57:51.387 +00:00', '2020-06-27 17:57:51.387 +00:00', '28');
INSERT INTO "main"."especie" ("id", "nomeCientifico", "nomePopular", "estado", "alimentacao", "descricao", "createdAt", "updatedAt", "alaId") VALUES ('15', 'Eunectes murinus', 'Sucuri Verde', 'LC', 'As sucuris não são cobras peçonhentas, pois elas possuem dentição áglifa e matam suas presas por constrição, para depois engolir a presa por inteiro.', 'Os desenhos de seu corpo do pescoço até o rabo lembram a letra O. Sua face possui dois riscos laterais: um deles surge do olho e o outro, da parte de cima da cabeça.', '2020-06-27 17:58:55.298 +00:00', '2020-06-27 17:58:55.298 +00:00', '28');
INSERT INTO "main"."especie" ("id", "nomeCientifico", "nomePopular", "estado", "alimentacao", "descricao", "createdAt", "updatedAt", "alaId") VALUES ('16', 'Rhinella diptycha', 'Sapo cururu', 'LC', 'Como a maior parte dos anfíbios, possui uma alimentação basicamente carnívora, alimentando-se de invertebrados (como insetos e aranhas) a pequenos vertebrados (como camundongos e aves).[11] Isso faz com que a espécie seja classificada como generalista e oportunista. A partir de estudos, foi possível identificar que os alimentos mais frequentes são coleópteros e formigas. A ingestão de formigas é muito importante, pois substâncias presentes nesses insetos, como o ácido fórmico, fazem com que sejam investidas grandes quantidades de energia para metabolizá-las, e que sejam consumidos itens de baixo ganho de energia. A metabolização destas substâncias também auxilia na produção de bufotoxinas. O tamanho da cabeça dos indivíduos está fortemente relacionada às presas que serão predadas por estes, que as selecionam de acordo com o tamanho e quantidade.[16] As presas são capturadas com a língua, que é elástica e pegajosa.[', 'O macho e a fêmea medem em média respectivamente 13 e 15 centímetros, mas podem atingir os 25 centímetros, sendo a maior espécie de sapo da América.[10] A cor do seu dorso varia entre o castanho-claro ao escuro, com várias glândulas expostas e manchas ou pontos marrons. Já os jovens possuem o dorso negro com manchas e faixas brancas. O ventre e o pescoço são esbranquiçados, com pequenos pontos escuros salpicados. Seu corpo é globular, curto e robusto. Suas glândulas parotoides são bastante desenvolvidas, estão localizadas atrás do tímpano e possuem formato de feijão, e as glândulas paracnêmis estão localizadas na tíbia. Possui um corpo robusto, com o ventre marrom-claro ou creme com manchas escuras.[', '2020-06-27 18:01:15.461 +00:00', '2020-06-27 18:01:15.461 +00:00', '29');
INSERT INTO "main"."especie" ("id", "nomeCientifico", "nomePopular", "estado", "alimentacao", "descricao", "createdAt", "updatedAt", "alaId") VALUES ('17', 'Ceratophrys cornuta', 'Sapo de chifre', 'LC', 'insetos', 'ocorre na Floresta Amazônica (Brasil, Suriname, Peru etc.). Também conhecido como sapo-de-chifre-da-Amazônia é um sapo volumoso, medindo até 20 centímetros e são encontrados na parte norte da América do Sul. Ele tem uma boca excepcionalmente grande, e tem projeções parecidas com chifre acima dos olhos. As fêmeas colocam até 1.000 ovos de cada vez, e os envolve em torno de plantas aquáticas .', '2020-06-27 18:02:04.922 +00:00', '2020-06-27 18:02:04.922 +00:00', '29');
INSERT INTO "main"."especie" ("id", "nomeCientifico", "nomePopular", "estado", "alimentacao", "descricao", "createdAt", "updatedAt", "alaId") VALUES ('18', 'Andrias davidianus', 'Salamandra-gigante-da-china', 'CR', 'A atividade predatória tem como suporte maior os sentidos do tacto e olfacto.','Salamandra de 2 mestros e 45kg', '2020-06-27 18:02:04.922 +00:00', '2020-06-27 18:02:04.922 +00:00', '29');
INSERT INTO "main"."especie" ("id", "nomeCientifico", "nomePopular", "estado", "alimentacao", "descricao", "createdAt", "updatedAt", "alaId") VALUES ('19', 'Balaeniceps rex', 'Cegonha bico-de-tamanco', 'VU', 'Insetos', 'De cor cinzenta, nidifica no solo e geralmente põe dois ovos. Os filhotes apresentam uma plumagem acastanhada. Sua dieta consiste de peixes e rãs que caça nos pântanos e águas estagnadas da África tropical e oriental, particularmente em Uganda, onde o papiro cresce normalmente', '2020-06-27 18:04:42.781 +00:00', '2020-06-27 18:04:42.781 +00:00', '30');
INSERT INTO "main"."especie" ("id", "nomeCientifico", "nomePopular", "estado", "alimentacao", "descricao", "createdAt", "updatedAt", "alaId") VALUES ('20', 'Rupicolinae rupicola', 'Galo da serra', 'LC', 'É frugívoro, mas também caça insetos, lagartixas e rãs.', 'Mede 28 centímetros de comprimento. O macho é de cor laranja; a fêmea marrom-escura, parecendo preta à distância.', '2020-06-27 18:06:46.702 +00:00', '2020-06-27 18:06:46.702 +00:00', '30');
INSERT INTO "main"."especie" ("id", "nomeCientifico", "nomePopular", "estado", "alimentacao", "descricao", "createdAt", "updatedAt", "alaId") VALUES ('21', 'Raphus cucullatus', 'Dodô', 'EX', 'Além de frutos caídos, o dodô provavelmente subsistiu com nozes, sementes, bulbos e raízes.[62] Também foi sugerido que o dodô pudesse comer caranguejos e mariscos, como seus parentes pombos coroados. Seus hábitos alimentares devem ter sido versáteis, uma vez que provavelmente foram dadas a espécimes cativos uma grande variedade de comida nas longas viagens pelo mar.[', 'é uma espécie extinta de ave da família dos pombos que era endêmica de Maurício, uma ilha no Oceano Índico a leste de Madagascar. Era incapaz de voar e não tinha medo de seres humanos, pois evoluiu isolado e sem predadores naturais na ilha que habitava. Foi descoberto em 1598 por navegadores holandeses, e totalmente exterminado menos de cem anos mais tarde. A ave era caçada para servir de alimento para os marinheiros, e depois sofreu com o desmatamento e introdução de animais exóticos. Essa trágica história tornou o dodô um verdadeiro ícone da extinção. É considerado o mais famoso animal extinto em tempos históricos, com notável presença na cultura popular.', '2020-06-27 18:08:06.205 +00:00', '2020-06-27 18:08:06.205 +00:00', '30');
INSERT INTO "main"."especie" ("id", "nomeCientifico", "nomePopular", "estado", "alimentacao", "descricao", "createdAt", "updatedAt", "alaId") VALUES ('22', 'Panthera leo krugeri', 'Leão branco', 'VU', 'Carne', 'O leão branco pertence a subespécie Panthera leo krugeri (Leão-sul-africano). Leões brancos não são albinos, são leucísticos. Sua cor branca é causada por um gene inibidor recessivo, diferente do gene do albinismo. A sua pelagem varia de loiro por quase branco. Esta característica não acarreta problemas fisiológicos, ao contrário do albinismo, o leucismo não confere maior sensibilidade ao sol. No entanto constitui uma desvantagem, pois reduz a sua capacidade de se camuflar na caça às suas presas', '2020-06-27 18:09:20.545 +00:00', '2020-06-27 18:09:20.545 +00:00', '32');
INSERT INTO "main"."especie" ("id", "nomeCientifico", "nomePopular", "estado", "alimentacao", "descricao", "createdAt", "updatedAt", "alaId") VALUES ('23', 'Panthera onca', 'Onça pintada', 'NT', 'Como todos os felinos, a onça-pintada é um carnívoro obrigatório, se alimentando somente de carne. É um caçador oportunista, e sua dieta inclui até 87 espécies de animais.[50] A onça pode predar, teoricamente, qualquer vertebrado terrestre ou semi-aquático nas Américas Central e do Sul, com preferência por presas maiores. Ela regularmente preda jacarés, veados, capivaras, antas, porcos-do-mato, tamanduás e até mesmo sucuris.[16][54][55] Entretanto, o felino pode comer qualquer pequena espécie que puder pegar, como ratos, sapos, aves (principalmente mutuns), peixes, preguiças, macacos e tartarugas.[23] Um estudo conduzido no Santuário de Cockscomb, em Belize, revelou que a dieta das onças era constituída principalmente por tatus e pacas.[56] Mas, por ter preferência a áreas próximas a cursos d''água, a onça-pintada acaba se alimentando preferencialmente de ungulados como a queixada (Tayassu pecari) e a anta (Tapirus terrestris).[', 'A onça-pintada é um animal robusto e musculoso. Tamanho e peso variam consideravelmente: o peso normalmente está entre 56 a 96 kg. Os maiores machos registrados pesavam até 158 kg (tendo o peso de uma leoa ou tigresa), e as menores fêmeas chegavam a ter 36 kg.[29][17] As fêmeas são entre 10 a 20 % menores que os machos.[16] O comprimento da ponta do focinho até a ponta da cauda varia de 1,12 m a 1,85 m.[17][30] Sua cauda é a menor dentre os grandes felinos, tendo entre 45 e 75 cm de comprimento. Suas pernas são consideravelmente mais curtas se comparadas a um tigre ou leão com mesma massa corporal, mas são mais grossas e robustas. A onça-pintada tem entre 63 e 76 cm na altura da cernelha.[31] É o maior felino das Américas e o terceiro maior do mundo, menor apenas que o leão e o tigre.[23][27][16]', '2020-06-27 18:10:29.396 +00:00', '2020-06-27 18:10:29.396 +00:00', '32');
INSERT INTO "main"."especie" ("id", "nomeCientifico", "nomePopular", "estado", "alimentacao", "descricao", "createdAt", "updatedAt", "alaId") VALUES ('24', 'Panthera uncia', 'Leopardo-das-neves', 'VU', 'Estes animais são caçadores oportunistas, que podem predar desde um grande Iaque (que pesa mais de 200 kg) até um pequeno veado almiscarado (que pesa somente 10 kg). Podem também predar aves como o faisão ou outros animais, como as marmotas por exemplo. Trata-se de um animal pouco estudado, devido a seus hábitos reservados, a existência de poucos exemplares, sua distribuição esparsa e as dificuldades das condições do seu habitat.', 'São animais que medem até 1,30 metros de comprimento (da ponta do focinho ao início da cauda), sem incluir a sua cauda que chega a 1 metro de comprimento. Fêmeas podem pesar até 40 kg e machos até 55 kg, A sua altura varia entre 55 e 65 cm.[5] A sua coloração varia do cinza claro ao cinza escurecido, com as partes inferiores quase brancas. Todo seu corpo é recoberto por rosetas e manchas escuras, e seu pêlo é bastante longo. Sua cabeça é relativamente pequena(desproporcional) em relação ao corpo.', '2020-06-27 18:11:30.353 +00:00', '2020-06-27 18:11:30.353 +00:00', '32');
INSERT INTO "main"."especie" ("id", "nomeCientifico", "nomePopular", "estado", "alimentacao", "descricao", "createdAt", "updatedAt", "alaId") VALUES ('25', 'Monodelphis scalops', 'Gambá', 'LC', 'insetívoro-onívora', 'Apresenta porte pequeno, com comprimento de 20 cm, cauda entre 57 e 65 mm, e massa corporal entre 48 e 74 gramas. Possui padrão de coloração dorsal avermelhada na cabeça, membros anteriores e posteriores, cinza salpicado de branco na região intermediária entre a cabeça e as ancas, não possui faixas dorsais longitudinais, e a pelagem ventral é composta de pelos cinzas de ápice creme amarelado. A cauda, não-preênsil, possui porção proximal coberta de pelos semelhantes aos do dorso e os 3/4 restantes cobertos por pelos avermelhados. Não possui marsúpio.[3]', '2020-06-27 18:13:37.372 +00:00', '2020-06-27 18:13:37.372 +00:00', '33');
INSERT INTO "main"."especie" ("id", "nomeCientifico", "nomePopular", "estado", "alimentacao", "descricao", "createdAt", "updatedAt", "alaId") VALUES ('26', 'Phascolarctos cinereus', 'Coala', 'CR', 'Eucalipto', 'O coala tem a cabeça pequena, o focinho curto e os olhos bem separados. O nariz é grosso e achatado, e está munido de grandes narinas em forma de V, com as fossas nasais muito desenvolvidas, que mexem no seu equilíbrio térmico.', '2020-06-27 18:15:09.835 +00:00', '2020-06-27 18:15:09.835 +00:00', '33');
INSERT INTO "main"."especie" ("id", "nomeCientifico", "nomePopular", "estado", "alimentacao", "descricao", "createdAt", "updatedAt", "alaId") VALUES ('27', 'Marcopus rupus', 'Canguru', 'LC', 'A sua alimentação baseia-se em vegetais e frutas. Apesar de ter uma alimentação basicamente vegetariana, muitas vezes os cangurus são atraídos pelos restos de alimentos humanos, ou mesmo alimentados por turistas com alimentos inadequados (pão, por exemplo). Ao ingerir esse tipo de alimento, ocorre desequilíbrio de sua flora intestinal e fermentação excessiva, ocasionando síndrome cólica grave, que na maioria das vezes leva o animal à morte.', 'O pêlo do canguru é, geralmente, espesso. Crescem durante toda a vida. A sua cauda mede de 0,70 cm a 1,40 m. A maior parte dos cangurus têm orelhas grandes e cabeça pequena. O canguru, quando jovem permanece com a mãe, subindo na sua bolsa para se alimentar e ficar seguro, até que tenha mais que um ano de idade. Os Cangurus vivem na Austrália continental. Pesam cerca de 500 g a 90 kg, medindo cerca de 80 cm a 1,60 metros. A sua gravidez (gestação) demora de 30 a 40 dias, dando à luz apenas um filhote de cada vez. Os cangurus nascem imaturos. O seu desenvolvimento é no interior de uma bolsa na barriga da sua mãe que se chama marsúpio. Ali, o filhote mama e protege-se. O canguru é uma espécie endêmica da Austrália.', '2020-06-27 18:16:29.400 +00:00', '2020-06-27 18:16:29.400 +00:00', '33');

/* ANIMAIS */
INSERT INTO "main"."animal" ("id", "nome", "sexo", "dataNascimento", "ativo", "createdAt", "updatedAt", "especieId") VALUES ('4', 'Zequinha', 'M', '2020-06-11', '1', '2020-06-27 02:14:13.338 +00:00', '2020-06-27 02:14:13.338 +00:00', '3');
INSERT INTO "main"."animal" ("id", "nome", "sexo", "dataNascimento", "ativo", "createdAt", "updatedAt", "especieId") VALUES ('5', 'Xico', 'M', '2005-02-01', '1', '2020-06-27 18:26:59.832 +00:00', '2020-06-27 18:26:59.832 +00:00', '5');
INSERT INTO "main"."animal" ("id", "nome", "sexo", "dataNascimento", "ativo", "createdAt", "updatedAt", "especieId") VALUES ('6', 'Gertrudes', 'F', '2003-02-05', '1', '2020-06-27 18:27:29.550 +00:00', '2020-06-27 18:27:29.550 +00:00', '6');
INSERT INTO "main"."animal" ("id", "nome", "sexo", "dataNascimento", "ativo", "createdAt", "updatedAt", "especieId") VALUES ('7', 'Heloisa', 'F', '2002-05-05', '1', '2020-06-27 18:27:42.969 +00:00', '2020-06-27 18:27:42.969 +00:00', '6');
INSERT INTO "main"."animal" ("id", "nome", "sexo", "dataNascimento", "ativo", "createdAt", "updatedAt", "especieId") VALUES ('8', 'Luisa', 'F', '2010-08-08', '1', '2020-06-27 18:28:09.331 +00:00', '2020-06-27 18:28:09.331 +00:00', '3');
INSERT INTO "main"."animal" ("id", "nome", "sexo", "dataNascimento", "ativo", "createdAt", "updatedAt", "especieId") VALUES ('9', 'Rafael', 'M', '2000-05-05', '1', '2020-06-27 18:28:32.479 +00:00', '2020-06-27 18:28:32.479 +00:00', '7');
INSERT INTO "main"."animal" ("id", "nome", "sexo", "dataNascimento", "ativo", "createdAt", "updatedAt", "especieId") VALUES ('10', 'Perry', 'M', '2015-05-06', '1', '2020-06-27 18:28:50.986 +00:00', '2020-06-27 18:28:50.986 +00:00', '8');
INSERT INTO "main"."animal" ("id", "nome", "sexo", "dataNascimento", "ativo", "createdAt", "updatedAt", "especieId") VALUES ('11', 'Linda', 'F', '2014-08-09', '1', '2020-06-27 18:29:14.333 +00:00', '2020-06-27 18:29:14.333 +00:00', '9');
INSERT INTO "main"."animal" ("id", "nome", "sexo", "dataNascimento", "ativo", "createdAt", "updatedAt", "especieId") VALUES ('12', 'Hermes', 'M', '2008-08-08', '1', '2020-06-27 18:29:36.228 +00:00', '2020-06-27 18:29:36.228 +00:00', '9');
INSERT INTO "main"."animal" ("id", "nome", "sexo", "dataNascimento", "ativo", "createdAt", "updatedAt", "especieId") VALUES ('13', 'Beyoncé', 'F', '2016-09-09', '1', '2020-06-27 18:30:08.172 +00:00', '2020-06-27 18:30:08.172 +00:00', '10');
INSERT INTO "main"."animal" ("id", "nome", "sexo", "dataNascimento", "ativo", "createdAt", "updatedAt", "especieId") VALUES ('14', 'Felicia', 'F', '2015-07-06', '1', '2020-06-27 18:30:30.303 +00:00', '2020-06-27 18:30:30.303 +00:00', '10');
INSERT INTO "main"."animal" ("id", "nome", "sexo", "dataNascimento", "ativo", "createdAt", "updatedAt", "especieId") VALUES ('15', 'Moana', 'F', '2011-08-08', '1', '2020-06-27 18:30:59.575 +00:00', '2020-06-27 18:30:59.575 +00:00', '11');
INSERT INTO "main"."animal" ("id", "nome", "sexo", "dataNascimento", "ativo", "createdAt", "updatedAt", "especieId") VALUES ('16', 'Joaquina', 'F', '2009-08-08', '1', '2020-06-27 18:36:46.799 +00:00', '2020-06-27 18:36:46.799 +00:00', '12');
INSERT INTO "main"."animal" ("id", "nome", "sexo", "dataNascimento", "ativo", "createdAt", "updatedAt", "especieId") VALUES ('17', 'Fofa', 'F', '2006-07-05', '1', '2020-06-27 18:37:53.084 +00:00', '2020-06-27 18:37:53.084 +00:00', '13');
INSERT INTO "main"."animal" ("id", "nome", "sexo", "dataNascimento", "ativo", "createdAt", "updatedAt", "especieId") VALUES ('18', 'Taylor', 'F', '2013-07-15', '1', '2020-06-27 18:38:53.071 +00:00', '2020-06-27 18:38:53.071 +00:00', '14');
INSERT INTO "main"."animal" ("id", "nome", "sexo", "dataNascimento", "ativo", "createdAt", "updatedAt", "especieId") VALUES ('19', 'Jorginho', 'M', '2016-09-25', '1', '2020-06-27 18:39:24.083 +00:00', '2020-06-27 18:39:24.083 +00:00', '15');
INSERT INTO "main"."animal" ("id", "nome", "sexo", "dataNascimento", "ativo", "createdAt", "updatedAt", "especieId") VALUES ('20', 'Lô', 'M', '2018-08-31', '1', '2020-06-27 18:40:11.015 +00:00', '2020-06-27 18:40:11.015 +00:00', '16');
INSERT INTO "main"."animal" ("id", "nome", "sexo", "dataNascimento", "ativo", "createdAt", "updatedAt", "especieId") VALUES ('21', 'Lu', 'F', '2019-08-30', '1', '2020-06-27 18:41:08.246 +00:00', '2020-06-27 18:41:08.246 +00:00', '16');
INSERT INTO "main"."animal" ("id", "nome", "sexo", "dataNascimento", "ativo", "createdAt", "updatedAt", "especieId") VALUES ('22', 'Pablo', 'F', '2010-09-12', '1', '2020-06-27 18:41:38.370 +00:00', '2020-06-27 18:41:38.370 +00:00', '17');
INSERT INTO "main"."animal" ("id", "nome", "sexo", "dataNascimento", "ativo", "createdAt", "updatedAt", "especieId") VALUES ('23', 'Pequena', 'F', '2016-08-15', '1', '2020-06-27 18:42:03.236 +00:00', '2020-06-27 18:42:03.236 +00:00', '18');
INSERT INTO "main"."animal" ("id", "nome", "sexo", "dataNascimento", "ativo", "createdAt", "updatedAt", "especieId") VALUES ('24', 'Mercury', 'F', '2018-08-15', '1', '2020-06-27 18:42:39.792 +00:00', '2020-06-27 18:42:39.792 +00:00', '19');
INSERT INTO "main"."animal" ("id", "nome", "sexo", "dataNascimento", "ativo", "createdAt", "updatedAt", "especieId") VALUES ('25', 'Douradinho', 'M', '2015-12-05', '1', '2020-06-27 18:43:10.082 +00:00', '2020-06-27 18:43:10.082 +00:00', '19');
INSERT INTO "main"."animal" ("id", "nome", "sexo", "dataNascimento", "ativo", "createdAt", "updatedAt", "especieId") VALUES ('26', 'Coroa', 'F', '2015-09-15', '1', '2020-06-27 18:43:34.877 +00:00', '2020-06-27 18:43:34.877 +00:00', '20');
INSERT INTO "main"."animal" ("id", "nome", "sexo", "dataNascimento", "ativo", "createdAt", "updatedAt", "especieId") VALUES ('27', 'Unica', 'F', '2020-06-27', '1', '2020-06-27 18:44:10.579 +00:00', '2020-06-27 18:44:10.579 +00:00', '21');
INSERT INTO "main"."animal" ("id", "nome", "sexo", "dataNascimento", "ativo", "createdAt", "updatedAt", "especieId") VALUES ('28', 'Albina', 'F', '2011-08-31', '1', '2020-06-27 18:44:52.826 +00:00', '2020-06-27 18:44:52.826 +00:00', '22');
INSERT INTO "main"."animal" ("id", "nome", "sexo", "dataNascimento", "ativo", "createdAt", "updatedAt", "especieId") VALUES ('29', 'Pintada', 'F', '2013-08-12', '1', '2020-06-27 18:45:16.074 +00:00', '2020-06-27 18:45:16.074 +00:00', '23');
INSERT INTO "main"."animal" ("id", "nome", "sexo", "dataNascimento", "ativo", "createdAt", "updatedAt", "especieId") VALUES ('30', 'Frozen', 'F', '2005-05-31', '1', '2020-06-27 18:45:39.001 +00:00', '2020-06-27 18:45:39.001 +00:00', '24');
INSERT INTO "main"."animal" ("id", "nome", "sexo", "dataNascimento", "ativo", "createdAt", "updatedAt", "especieId") VALUES ('31', 'Fedô', 'M', '2017-08-25', '1', '2020-06-27 18:46:01.572 +00:00', '2020-06-27 18:46:01.572 +00:00', '25');
INSERT INTO "main"."animal" ("id", "nome", "sexo", "dataNascimento", "ativo", "createdAt", "updatedAt", "especieId") VALUES ('32', 'Nhom', 'M', '2016-06-19', '1', '2020-06-27 18:46:20.771 +00:00', '2020-06-27 18:46:20.771 +00:00', '26');
INSERT INTO "main"."animal" ("id", "nome", "sexo", "dataNascimento", "ativo", "createdAt", "updatedAt", "especieId") VALUES ('33', 'Pululante', 'F', '2013-06-29', '1', '2020-06-27 18:46:42.550 +00:00', '2020-06-27 18:46:42.550 +00:00', '27');

/* BILHETERIAS */
INSERT INTO "main"."bilheteria" ("id", "Localizacao", "createdAt", "updatedAt") VALUES ('1', 'Pátio 1', '2020-06-28 00:01:02.675 +00:00', '2020-06-28 00:01:02.675 +00:00');
INSERT INTO "main"."bilheteria" ("id", "Localizacao", "createdAt", "updatedAt") VALUES ('2', 'Pátio 4', '2020-06-28 00:01:31.094 +00:00', '2020-06-28 00:01:31.094 +00:00');
INSERT INTO "main"."bilheteria" ("id", "Localizacao", "createdAt", "updatedAt") VALUES ('3', 'Pátio 2', '2020-06-28 00:01:52.057 +00:00', '2020-06-28 00:01:52.057 +00:00');
INSERT INTO "main"."bilheteria" ("id", "Localizacao", "createdAt", "updatedAt") VALUES ('4', 'Pátio 17', '2020-06-28 00:02:19.299 +00:00', '2020-06-28 00:02:19.299 +00:00');

/* HORARIOS BILHETERIA */
INSERT INTO "main"."horarioBilheteria" ("bilheteriaId", "horarioInicio", "horarioFinal", "createdAt", "updatedAt") VALUES ('1', '08:00', '15:00', '2020-06-28 00:01:03.079 +00:00', '2020-06-28 00:01:03.079 +00:00');
INSERT INTO "main"."horarioBilheteria" ("bilheteriaId", "horarioInicio", "horarioFinal", "createdAt", "updatedAt") VALUES ('2', '08:50', '18:00', '2020-06-28 00:01:31.418 +00:00', '2020-06-28 00:01:31.418 +00:00');
INSERT INTO "main"."horarioBilheteria" ("bilheteriaId", "horarioInicio", "horarioFinal", "createdAt", "updatedAt") VALUES ('3', '00:00', '18:00', '2020-06-28 00:01:52.537 +00:00', '2020-06-28 00:01:52.537 +00:00');
INSERT INTO "main"."horarioBilheteria" ("bilheteriaId", "horarioInicio", "horarioFinal", "createdAt", "updatedAt") VALUES ('4', '08:00', '17:00', '2020-06-28 00:02:19.987 +00:00', '2020-06-28 00:02:19.987 +00:00');

/* INGRESSOS */
INSERT INTO "main"."ingresso" ("id", "bilheteriaId", "preco", "createdAt", "updatedAt") VALUES ('1', '1', '5.0', '2020-06-28 00:06:27', '2020-06-28 00:06:27.312 +00:00');
INSERT INTO "main"."ingresso" ("id", "bilheteriaId", "preco", "createdAt", "updatedAt") VALUES ('2', '1', '5.0', '2020-06-28 00:06:33', '2020-06-28 00:06:33.408 +00:00');
INSERT INTO "main"."ingresso" ("id", "bilheteriaId", "preco", "createdAt", "updatedAt") VALUES ('3', '1', '5.0', '2020-06-28 00:06:38', '2020-06-28 00:06:38.915 +00:00');
INSERT INTO "main"."ingresso" ("id", "bilheteriaId", "preco", "createdAt", "updatedAt") VALUES ('4', '1', '5.0', '2020-06-28 00:06:45', '2020-06-28 00:06:45.720 +00:00');
INSERT INTO "main"."ingresso" ("id", "bilheteriaId", "preco", "createdAt", "updatedAt") VALUES ('5', '2', '5.0', '2020-06-28 00:06:59', '2020-06-28 00:06:59.531 +00:00');
INSERT INTO "main"."ingresso" ("id", "bilheteriaId", "preco", "createdAt", "updatedAt") VALUES ('6', '2', '5.0', '2020-06-28 00:07:32', '2020-06-28 00:07:32.927 +00:00');
INSERT INTO "main"."ingresso" ("id", "bilheteriaId", "preco", "createdAt", "updatedAt") VALUES ('7', '2', '5.0', '2020-06-28 00:07:39', '2020-06-28 00:07:39.143 +00:00');
INSERT INTO "main"."ingresso" ("id", "bilheteriaId", "preco", "createdAt", "updatedAt") VALUES ('8', '2', '5.0', '2020-06-28 00:07:44', '2020-06-28 00:07:44.522 +00:00');
INSERT INTO "main"."ingresso" ("id", "bilheteriaId", "preco", "createdAt", "updatedAt") VALUES ('9', '2', '5.0', '2020-06-28 00:07:50', '2020-06-28 00:07:49.862 +00:00');
INSERT INTO "main"."ingresso" ("id", "bilheteriaId", "preco", "createdAt", "updatedAt") VALUES ('10', '3', '10.0', '2020-06-28 00:08:06', '2020-06-28 00:08:06.049 +00:00');
INSERT INTO "main"."ingresso" ("id", "bilheteriaId", "preco", "createdAt", "updatedAt") VALUES ('11', '3', '5.0', '2020-06-28 00:08:11', '2020-06-28 00:08:11.653 +00:00');
INSERT INTO "main"."ingresso" ("id", "bilheteriaId", "preco", "createdAt", "updatedAt") VALUES ('12', '3', '5.0', '2020-06-28 00:08:17', '2020-06-28 00:08:17.097 +00:00');
INSERT INTO "main"."ingresso" ("id", "bilheteriaId", "preco", "createdAt", "updatedAt") VALUES ('13', '3', '5.0', '2020-06-28 00:08:21', '2020-06-28 00:08:21.120 +00:00');
INSERT INTO "main"."ingresso" ("id", "bilheteriaId", "preco", "createdAt", "updatedAt") VALUES ('14', '3', '5.0', '2020-06-28 00:08:31', '2020-06-28 00:08:31.634 +00:00');

/* BILHETEIROS */
INSERT INTO "main"."bilheteiro" ("CPF", "Nome", "ddn", "Salario", "CLT", "Endereco", "Banco", "Agencia", "Conta", "Digito", "bilheteriaId", "Ativo", "createdAt", "updatedAt") VALUES ('4591263755', 'Jandira Nascimento', '1995-12-05', '556.0', '123454', 'Rua Major Antonio, 12', '45', '456', '985248', '4', '1', '1', '2020-06-28 00:11:11.528 +00:00', '2020-06-28 00:11:11.528 +00:00');
INSERT INTO "main"."bilheteiro" ("CPF", "Nome", "ddn", "Salario", "CLT", "Endereco", "Banco", "Agencia", "Conta", "Digito", "bilheteriaId", "Ativo", "createdAt", "updatedAt") VALUES ('258465147', 'Maria Valquiria Silveira', '1999-08-09', '560.0', '487599', 'Rua Padre do Balão, 46', '56', '456', '987482', '2', '2', '1', '2020-06-28 00:11:59.230 +00:00', '2020-06-28 00:11:59.230 +00:00');
INSERT INTO "main"."bilheteiro" ("CPF", "Nome", "ddn", "Salario", "CLT", "Endereco", "Banco", "Agencia", "Conta", "Digito", "bilheteriaId", "Ativo", "createdAt", "updatedAt") VALUES ('281946375', 'João Marcos Oliveira', '2000-05-05', '550.0', '159487', 'Rua Antenor Pereira, 1001', '45', '456', '685558', '5', '3', '1', '2020-06-28 00:12:51.763 +00:00', '2020-06-28 00:12:51.763 +00:00');

/* CUIDA */
INSERT INTO "main"."cuida" ("bilheteiroCPF", "bilheteriaId", "createdAt", "updatedAt") VALUES ('4591263755', '1', '2020-06-28 00:11:11.904 +00:00', '2020-06-28 00:11:11.904 +00:00');
INSERT INTO "main"."cuida" ("bilheteiroCPF", "bilheteriaId", "createdAt", "updatedAt") VALUES ('258465147', '2', '2020-06-28 00:11:59.537 +00:00', '2020-06-28 00:11:59.537 +00:00');
INSERT INTO "main"."cuida" ("bilheteiroCPF", "bilheteriaId", "createdAt", "updatedAt") VALUES ('281946375', '3', '2020-06-28 00:12:52.904 +00:00', '2020-06-28 00:12:52.904 +00:00');

/* VETERINARIOS */
INSERT INTO "main"."veterinario" ("CPF", "Nome", "ddn", "Salario", "CLT", "Endereco", "Banco", "Agencia", "Conta", "Digito", "CRMV", "Faculdade", "Ativo", "createdAt", "updatedAt") VALUES ('30980948', 'Hercules Mariano', '1987-09-09', '2000.0', '9280389', 'Rua Vinho Canção, 99', '092', '98', '39802938', '9', '289374', 'UNESP', '1', '2020-06-28 01:02:33.843 +00:00', '2020-06-28 01:02:33.843 +00:00');
INSERT INTO "main"."veterinario" ("CPF", "Nome", "ddn", "Salario", "CLT", "Endereco", "Banco", "Agencia", "Conta", "Digito", "CRMV", "Faculdade", "Ativo", "createdAt", "updatedAt") VALUES ('37492870901837', 'Larisso Gomes', '1998-09-09', '2000.0', '03803847', 'Rua Sabão, 9', '98', '9807', '8787896', '8', '238746', 'USP', '1', '2020-06-28 01:06:51.589 +00:00', '2020-06-28 01:06:51.589 +00:00');
INSERT INTO "main"."veterinario" ("CPF", "Nome", "ddn", "Salario", "CLT", "Endereco", "Banco", "Agencia", "Conta", "Digito", "CRMV", "Faculdade", "Ativo", "createdAt", "updatedAt") VALUES ('345678987', 'Davidsona Helen', '1988-09-28', '3000.0', '20930987', 'Rua Major Antonio, 12', '089', '987', '90878678990', '9', '2912928739', 'Uninove', '1', '2020-06-28 01:10:39.698 +00:00', '2020-06-28 01:10:39.698 +00:00');

/* ATENDE */ 
INSERT INTO "main"."atende" ("veterinarioCPF", "animalId", "data", "diagnostico", "createdAt", "updatedAt") VALUES ('345678987', '22', '2020-08-22', 'Síndrome de kafka (achou que era uma barata)', '2020-06-28 01:15:23.719 +00:00', '2020-06-28 01:15:23.719 +00:00');
INSERT INTO "main"."atende" ("veterinarioCPF", "animalId", "data", "diagnostico", "createdAt", "updatedAt") VALUES ('30980948', '32', '2020-07-08', 'Comeu eucalipto estragado', '2020-06-28 01:16:14.793 +00:00', '2020-06-28 01:16:14.793 +00:00');
INSERT INTO "main"."atende" ("veterinarioCPF", "animalId", "data", "diagnostico", "createdAt", "updatedAt") VALUES ('37492870901837', '12', '2020-12-02', 'Ficou azul', '2020-06-28 01:17:13.901 +00:00', '2020-06-28 01:17:13.901 +00:00');
INSERT INTO "main"."atende" ("veterinarioCPF", "animalId", "data", "diagnostico", "createdAt", "updatedAt") VALUES ('37492870901837', '17', '2020-02-22', 'Na verdade não é uma cobra, e sim um rabo', '2020-06-28 01:18:05.355 +00:00', '2020-06-28 01:18:05.355 +00:00');

/* SUPERVISIONA */
INSERT INTO "main"."supervisiona" ("veterinarioCPF", "especieId", "createdAt", "updatedAt") VALUES ('30980948', '3', '2020-06-28 01:02:34.208 +00:00', '2020-06-28 01:02:34.208 +00:00');
INSERT INTO "main"."supervisiona" ("veterinarioCPF", "especieId", "createdAt", "updatedAt") VALUES ('30980948', '5', '2020-06-28 01:02:34.208 +00:00', '2020-06-28 01:02:34.208 +00:00');
INSERT INTO "main"."supervisiona" ("veterinarioCPF", "especieId", "createdAt", "updatedAt") VALUES ('30980948', '6', '2020-06-28 01:02:34.208 +00:00', '2020-06-28 01:02:34.208 +00:00');
INSERT INTO "main"."supervisiona" ("veterinarioCPF", "especieId", "createdAt", "updatedAt") VALUES ('30980948', '7', '2020-06-28 01:02:34.208 +00:00', '2020-06-28 01:02:34.208 +00:00');
INSERT INTO "main"."supervisiona" ("veterinarioCPF", "especieId", "createdAt", "updatedAt") VALUES ('30980948', '8', '2020-06-28 01:02:34.208 +00:00', '2020-06-28 01:02:34.208 +00:00');
INSERT INTO "main"."supervisiona" ("veterinarioCPF", "especieId", "createdAt", "updatedAt") VALUES ('30980948', '9', '2020-06-28 01:02:34.208 +00:00', '2020-06-28 01:02:34.208 +00:00');
INSERT INTO "main"."supervisiona" ("veterinarioCPF", "especieId", "createdAt", "updatedAt") VALUES ('30980948', '13', '2020-06-28 01:02:34.208 +00:00', '2020-06-28 01:02:34.208 +00:00');
INSERT INTO "main"."supervisiona" ("veterinarioCPF", "especieId", "createdAt", "updatedAt") VALUES ('37492870901837', '14', '2020-06-28 01:06:51.931 +00:00', '2020-06-28 01:06:51.931 +00:00');
INSERT INTO "main"."supervisiona" ("veterinarioCPF", "especieId", "createdAt", "updatedAt") VALUES ('37492870901837', '15', '2020-06-28 01:06:51.931 +00:00', '2020-06-28 01:06:51.931 +00:00');
INSERT INTO "main"."supervisiona" ("veterinarioCPF", "especieId", "createdAt", "updatedAt") VALUES ('37492870901837', '16', '2020-06-28 01:06:51.931 +00:00', '2020-06-28 01:06:51.931 +00:00');
INSERT INTO "main"."supervisiona" ("veterinarioCPF", "especieId", "createdAt", "updatedAt") VALUES ('37492870901837', '17', '2020-06-28 01:06:51.931 +00:00', '2020-06-28 01:06:51.931 +00:00');
INSERT INTO "main"."supervisiona" ("veterinarioCPF", "especieId", "createdAt", "updatedAt") VALUES ('37492870901837', '18', '2020-06-28 01:06:51.931 +00:00', '2020-06-28 01:06:51.931 +00:00');
INSERT INTO "main"."supervisiona" ("veterinarioCPF", "especieId", "createdAt", "updatedAt") VALUES ('37492870901837', '19', '2020-06-28 01:06:51.931 +00:00', '2020-06-28 01:06:51.931 +00:00');
INSERT INTO "main"."supervisiona" ("veterinarioCPF", "especieId", "createdAt", "updatedAt") VALUES ('37492870901837', '20', '2020-06-28 01:06:51.931 +00:00', '2020-06-28 01:06:51.931 +00:00');
INSERT INTO "main"."supervisiona" ("veterinarioCPF", "especieId", "createdAt", "updatedAt") VALUES ('37492870901837', '21', '2020-06-28 01:06:51.931 +00:00', '2020-06-28 01:06:51.931 +00:00');
INSERT INTO "main"."supervisiona" ("veterinarioCPF", "especieId", "createdAt", "updatedAt") VALUES ('345678987', '22', '2020-06-28 01:10:40.025 +00:00', '2020-06-28 01:10:40.025 +00:00');
INSERT INTO "main"."supervisiona" ("veterinarioCPF", "especieId", "createdAt", "updatedAt") VALUES ('345678987', '23', '2020-06-28 01:10:40.025 +00:00', '2020-06-28 01:10:40.025 +00:00');
INSERT INTO "main"."supervisiona" ("veterinarioCPF", "especieId", "createdAt", "updatedAt") VALUES ('345678987', '24', '2020-06-28 01:10:40.025 +00:00', '2020-06-28 01:10:40.025 +00:00');
INSERT INTO "main"."supervisiona" ("veterinarioCPF", "especieId", "createdAt", "updatedAt") VALUES ('345678987', '25', '2020-06-28 01:10:40.025 +00:00', '2020-06-28 01:10:40.025 +00:00');
INSERT INTO "main"."supervisiona" ("veterinarioCPF", "especieId", "createdAt", "updatedAt") VALUES ('345678987', '26', '2020-06-28 01:10:40.025 +00:00', '2020-06-28 01:10:40.025 +00:00');
INSERT INTO "main"."supervisiona" ("veterinarioCPF", "especieId", "createdAt", "updatedAt") VALUES ('345678987', '27', '2020-06-28 01:10:40.025 +00:00', '2020-06-28 01:10:40.025 +00:00');

/* SERVIÇOS GERAIS */
INSERT INTO "main"."servicosGerais" ("CPF", "Nome", "ddn", "Salario", "CLT", "Endereco", "Banco", "Agencia", "Conta", "Digito", "funcao", "ativo", "createdAt", "updatedAt") VALUES ('487487487', 'Jorge Matos', '2000-12-31', '700.0', '48757', 'Rua Antenor Pereira, 1001', '54', '456', '456544', '5', 'Segurança', '1', '2020-06-28 00:53:40.954 +00:00', '2020-06-28 00:53:40.954 +00:00');
INSERT INTO "main"."servicosGerais" ("CPF", "Nome", "ddn", "Salario", "CLT", "Endereco", "Banco", "Agencia", "Conta", "Digito", "funcao", "ativo", "createdAt", "updatedAt") VALUES ('1648759588', 'Dalva Almeida', '1950-05-05', '700.0', '125547', 'Rua Tomb Raider, 12', '54', '456', '4645645', '5', 'Limpeza', '1', '2020-06-28 00:55:20.037 +00:00', '2020-06-28 00:55:20.037 +00:00');
INSERT INTO "main"."servicosGerais" ("CPF", "Nome", "ddn", "Salario", "CLT", "Endereco", "Banco", "Agencia", "Conta", "Digito", "funcao", "ativo", "createdAt", "updatedAt") VALUES ('65487778', 'Marlene Matos', '1987-04-04', '700.0', '7652817', 'Rua Sofá de Esquina, 69', '76', '862', '87328648', '7', 'Limpeza', '1', '2020-06-28 00:56:32.267 +00:00', '2020-06-28 00:56:32.267 +00:00');
INSERT INTO "main"."servicosGerais" ("CPF", "Nome", "ddn", "Salario", "CLT", "Endereco", "Banco", "Agencia", "Conta", "Digito", "funcao", "ativo", "createdAt", "updatedAt") VALUES ('4195758857', 'Marcela Dion', '1987-08-08', '700.0', '98371', 'Rua Mesa Giratória, 99', '89', '988', '83428939', '9', 'Segurança', '1', '2020-06-28 00:58:04.277 +00:00', '2020-06-28 00:58:04.277 +00:00');
INSERT INTO "main"."servicosGerais" ("CPF", "Nome", "ddn", "Salario", "CLT", "Endereco", "Banco", "Agencia", "Conta", "Digito", "funcao", "ativo", "createdAt", "updatedAt") VALUES ('123456789', 'Thor Lerisso', '2000-08-08', '700.0', '92387938', 'Rua Televisão 87 Polegadas, 12', '98', '978', '978654', '9', 'Segurança', '1', '2020-06-28 00:59:30.228 +00:00', '2020-06-28 00:59:30.228 +00:00');
INSERT INTO "main"."servicosGerais" ("CPF", "Nome", "ddn", "Salario", "CLT", "Endereco", "Banco", "Agencia", "Conta", "Digito", "funcao", "ativo", "createdAt", "updatedAt") VALUES ('9876543', 'Kiko do KLB', '1987-08-08', '700.0', '02938', 'Rua Musicos, 1', '02', '389', '93849', '9', 'Limpeza', '1', '2020-06-28 01:00:28.056 +00:00', '2020-06-28 01:00:28.056 +00:00');

/* TRABALHA */
INSERT INTO "main"."trabalha" ("alaId", "servicosGeraisCPF", "horarioInicio", "horariofim", "createdAt", "updatedAt") VALUES ('22', '487487487', '08:00', '12:00', '2020-06-28 00:53:41.262 +00:00', '2020-06-28 00:53:41.262 +00:00');
INSERT INTO "main"."trabalha" ("alaId", "servicosGeraisCPF", "horarioInicio", "horariofim", "createdAt", "updatedAt") VALUES ('22', '1648759588', '06:00', '22:00', '2020-06-28 00:55:20.421 +00:00', '2020-06-28 00:55:20.421 +00:00');
INSERT INTO "main"."trabalha" ("alaId", "servicosGeraisCPF", "horarioInicio", "horariofim", "createdAt", "updatedAt") VALUES ('28', '65487778', '06:00', '00:00', '2020-06-28 00:56:32.702 +00:00', '2020-06-28 00:56:32.702 +00:00');
INSERT INTO "main"."trabalha" ("alaId", "servicosGeraisCPF", "horarioInicio", "horariofim", "createdAt", "updatedAt") VALUES ('28', '4195758857', '23:00', '06:00', '2020-06-28 00:58:04.602 +00:00', '2020-06-28 00:58:04.602 +00:00');
INSERT INTO "main"."trabalha" ("alaId", "servicosGeraisCPF", "horarioInicio", "horariofim", "createdAt", "updatedAt") VALUES ('29', '123456789', '02:00', '20:00', '2020-06-28 00:59:30.465 +00:00', '2020-06-28 00:59:30.465 +00:00');
INSERT INTO "main"."trabalha" ("alaId", "servicosGeraisCPF", "horarioInicio", "horariofim", "createdAt", "updatedAt") VALUES ('29', '9876543', '00:00', '13:00', '2020-06-28 01:00:28.385 +00:00', '2020-06-28 01:00:28.385 +00:00');

/* FIM */